URL,Lastmod,Changefreq,Priority
https://sleeplink.heytcm.com/,2025-03-23,daily,1.0
https://sleeplink.heytcm.com/ai-chat,2025-03-23,weekly,0.9
https://sleeplink.heytcm.com/ai-companion,2025-03-23,weekly,0.9
https://sleeplink.heytcm.com/call-evaluation,2025-03-23,weekly,0.9
https://sleeplink.heytcm.com/capsule-details,2025-03-23,weekly,0.9
https://sleeplink.heytcm.com/community,2025-03-23,weekly,0.9
https://sleeplink.heytcm.com/home,2025-03-23,weekly,0.9
https://sleeplink.heytcm.com/match-interface,2025-03-23,weekly,0.9
https://sleeplink.heytcm.com/match-preferences,2025-03-23,weekly,0.9
https://sleeplink.heytcm.com/meditation,2025-03-23,weekly,0.9
https://sleeplink.heytcm.com/privacy,2025-03-19,weekly,0.9
https://sleeplink.heytcm.com/profile,2025-03-23,weekly,0.9
https://sleeplink.heytcm.com/record-breathing,2025-03-23,weekly,0.9
https://sleeplink.heytcm.com/record-preview,2025-03-23,weekly,0.9
https://sleeplink.heytcm.com/record-voice,2025-03-23,weekly,0.9
https://sleeplink.heytcm.com/sleep-report,2025-03-23,weekly,0.9
https://sleeplink.heytcm.com/task-completion,2025-03-23,weekly,0.9
https://sleeplink.heytcm.com/terms,2025-03-19,weekly,0.9
https://sleeplink.heytcm.com/virtual-room,2025-03-23,weekly,0.9
https://sleeplink.heytcm.com/voice-capsule,2025-03-23,weekly,0.9